term,estimate,std.error,statistic,p.value,conf.low,conf.high,predictor,odds_ratio,conf_low_or,conf_high_or
temp,0.5080788400418975,0.03757849270047502,13.520468851468197,1.1841867252363816e-41,0.4371240347313672,0.5846381386773916,temp,1.6620949753911538,1.5482481016846146,1.794341565334898
humidity,-0.4057565720857988,0.042972988578879004,-9.442130638436117,3.652749858145321e-21,-0.4925116674458634,-0.32386236254031153,humidity,0.6664723856625762,0.6110896111655025,0.7233497955568887
uninsured,-2.3727986140647266,2.5926485292648778,-0.9152025765472779,0.36008529227697084,-7.539329041854619,2.638539700252794,uninsured,0.09321947554322117,5.317542870013659e-4,13.992755064183019
hospital_stays,9.0337470903114e-5,4.6598490451594535e-5,1.938635136624319,0.05254578193174713,-2.2419282431152233e-6,1.8080319814735385e-4,hospital_stays,1.0000903415514553,0.99999775807427,1.0001808195440307
income,5.8862942754941686e-5,6.590167384535354e-6,8.931934398672619,4.1862371406381167e-19,4.621587251926387e-5,7.21022340423708e-5,income,1.000058864675212,1.0000462169404891,1.0000721048334709
